<?xml version="1.0" encoding="UTF-8"?>
<level width="14.22" height="8">
    <items>
        <background width="14.22" height="8" image="background1.png"/>
        <slingshot x="-5.5" y="0.25"/>
        <block x="0" y="0.125" width="14.22" height="0.25" repeat-x="35" type="static" image="sand.png"/>
        <block x="2.99512" y="0.76678" angle="90.8406" friction="0.3" restitution="0.8" width="1" height="0.25"
               image="elementWood015.png"/>
        <block x="4.01709" y="0.769644" angle="89.9079" width="1" height="0.25" image="elementWood015.png"/>
        <block x="3.52113" y="1.41129" angle="0.26278" width="1.5" height="0.25" image="elementWood031.png"/>
        <foe x="3.86058" y="1.8335" angle="-336.946" radius="0.3" down="1" image="foeM.png"/>
        <foe x="3.09669" y="1.8305" angle="22.8317" radius="0.3" down="1" image="foeO.png"/>
    </items>
    <angry x="-6.5" y="0.3" spacing="0.6">
        <gruff-sparty/>
        <helmet-sparty/>
    </angry>
</level>
