<?xml version="1.0" encoding="UTF-8"?>
<level width="14.22" height="8">
    <items>
        <background width="14.22" height="8" image="purple-background.png"/>
        <slingshot x="-5.5" y="0.25"/>
        <block x="0" y="0.125" width="14.22" height="0.25" repeat-x="35" type="static"  image="mud.png"/>
        <poly x="0" y="0.75" angle="0" image="bonehill.png">
            <v x="-0.64286" y="-0.5"/>
            <v x="-0.21429" y="0.5"/>
            <v x="0.21429" y="0.5"/>
            <v x="0.64286" y="-0.5"/>
        </poly>
        <poly x="7" y="2.0" angle="0" image="bonehill.png">
            <v x="-2.25" y="-1.75"/>
            <v x="-0.75" y="1.75"/>
            <v x="0.75" y="1.75"/>
            <v x="2.25" y="-1.75"/>
        </poly>
        <block x="3.02015" y="0.765915" angle="90" friction="0.3" restitution="0.8" width="1" height="0.25" image="elementBone.png"/>
        <block x="4.50" y="0.765915" angle="90" friction="0.3" restitution="0.8" width="1" height="0.25" image="elementBone.png"/>
        <block x="3.75" y="1.125" angle="0" friction="0.3" restitution="0.8" width="2" height="0.25" image="elementBone.png"/>
        <block x="2.6" y="0.765915" angle="90" friction="0.3" restitution="0.8" width="1" height="0.25" image="elementBone.png"/>
        <block x="1.35" y="1.125" angle="0" friction="0.3" restitution="0.8" width="3" height="0.25" image="elementBone.png"/>
        <block x="0.56" y="2.125" angle="0" friction="0.35" restitution="0.4" width="0.8" height="0.8" image="boneBox.png"/>
        <block x="0.56" y="2.725" angle="0" friction="0.3" restitution="0.4" width="0.8" height="0.8" image="boneBox.png"/>
        <block x="2.95" y="1.49" angle="0" width="1.1" height="1.1" image="elementCauldron.png"/>
        <block x="1.5" y="0.51" angle="358.586" width="1" height="0.5" image="ribcageBlock.png"/>
        <block x="3.99" y="1.65" angle="0" width="1.4" height="0.6" image="ribcageBlock.png"/>
        <foe x="2.95" y="2.45" angle="0" radius="0.25" down="1.1" image="witch.png"/>
        <foe x="1.5" y="1" angle="10" radius="0.27" down="0.95" image="goblin.png"/>
        <foe x="0.56" y="3.25" angle="0" radius="0.25" down="1.1" image="ghost.png"/>
        <foe x="2.3" y="1.5" angle="3" radius="0.3" down="1.1" image="pumpkin.png"/>
        <foe x="3.87" y="1.87" angle="0" radius="0.24" down="1.1" image="heart.png"/>
        <block x="1.76" y="3.24" angle="-62" friction="0.3" restitution="0.5" width="0.36" height="0.13" image="elementBone.png"/>
        <block x="1.65" y="3.24" angle="45" friction="0.3" restitution="0.5" width="0.36" height="0.13" image="elementBone.png"/>
        <block x="1.55" y="3.24" angle="45" friction="0.3" restitution="0.5" width="0.36" height="0.13" image="elementBone.png"/>
        <block x="1.47" y="3.24" angle="-45" friction="0.3" restitution="0.5" width="0.36" height="0.13" image="elementBone.png"/>
        <block x="1.7" y="3.3" angle="36" friction="0.3" restitution="0.5" width="0.36" height="0.13" image="elementBone.png"/>
        <block x="1.45" y="3.35" angle="-12" friction="0.3" restitution="0.5" width="0.36" height="0.13" image="elementBone.png"/>
        <block x="1.6" y="3.32" angle="-7" friction="0.3" restitution="0.5" width="0.36" height="0.13" image="elementBone.png"/>
        <block x="1.73" y="3.42" angle="45" friction="0.3" restitution="0.5" width="0.36" height="0.13" image="elementBone.png"/>
        <block x="1.57" y="3.42" angle="-31" friction="0.3" restitution="0.5" width="0.36" height="0.13" image="elementBone.png"/>
        <block x="1.65" y="3.52" angle="-25" friction="0.3" restitution="0.5" width="0.36" height="0.13" image="elementBone.png"/>
    </items>
    <angry x="-6.5" y="0.3" spacing="0.6">
        <exploding-sparty/>
        <helmet-sparty/>
        <exploding-sparty/>
        <exploding-sparty/>
        <gruff-sparty/>
    </angry>
</level>
